chr,start,end
chr3,66550235,66551235
chr10,3853168,3854168
chr1,12663743,12664743
chr5,139056996,139057996
chr2,25524377,25525377
chr7,80267443,80268443
chr4,111535841,111536841
chr6,29985362,29986362
chr22,48608974,48609974
chr17,76102009,76103009
chr12,117042395,117043395
chr1,114665117,114666117
chr20,2107916,2108916
chr3,3151538,3152538
chr19,2093396,2094396
chr11,58909658,58910658
chr13,114905516,114906516
chr19,1423035,1424402
chr10,96996877,96997877
chr7,3208103,3209390
chr19,11309139,11310139
chr10,74003571,74004571
chr17,8197795,8198795
chr17,7036493,7037493
chr3,121362543,121363626
chr12,132381183,132382183
chr17,74419388,74420591
chr7,100485748,100486748
chr11,95733101,95734101
chr12,11911962,11913115
chr8,11659530,11660530
chr12,2420238,2421238
chr8,21771168,21772168
chr7,1039457,1040457
chr11,73720874,73721874
chr16,1832051,1833051
chr12,13150775,13151775
chr21,33642525,33643996
chr18,51795395,51796395
chr1,204465084,204466084
chr19,17599284,17600284
chr6,58262472,58263885
chr2,217427625,217428625
chr15,81293824,81294824
chr22,42548292,42549292
chr7,110280856,110281856
chr6,32151769,32152769
chr1,1288086,1289086
chr12,109490736,109491736
chr7,32931455,32932455
chr14,102550885,102551885
chr12,29534125,29535125
chr3,125979595,125980595
chr18,74061014,74062014
chr3,193920989,193921989
chr22,19436448,19437448
chr10,38739319,38740319
chr17,7543780,7544780
chr3,124827623,124828623
chr3,72225988,72226988
chr1,230416438,230417438
chr5,112823672,112825420
chr22,25961023,25962023
chr4,26789415,26790415
chr11,133584069,133585069
chr1,24825921,24826921
chr12,8215609,8216609
chr17,48475022,48476022
chr16,90114023,90115548
chr11,120082305,120083305
chr6,1409667,1410667
chr17,79374191,79375191
chr1,231473757,231474757
chr2,36589383,36590383
chr21,43641866,43642866
chr1,226073873,226075088
chr5,1501306,1502631
chr2,55172492,55173492
chr14,78050704,78051704
chr17,13505251,13506251
chr4,129714736,129715736
chr11,7058603,7059603
chr11,368466,369466
chr17,18672114,18673419
chr3,58572020,58573020
chr1,59572971,59573971
chr2,86011725,86012725
chr6,30182018,30183018
chr10,45716819,45717819
chr4,147557739,147558739
chr12,34495009,34496009
chr14,105992032,105993032
chr16,2525428,2526428
chr6,139695172,139696172
chr17,7788528,7789528
chr7,2276494,2277576
chr2,232242455,232243455
chr2,233251670,233252670
chr1,2160549,2162501
chr1,79084750,79086086
chr1,214842375,214843375
chr19,55416996,55417996
chr3,195487993,195488993
chr6,32631536,32633470
chr8,258277,259277
chr6,147528021,147529021
chr16,16962507,16963507
chr17,59693001,59694001
chr16,84126459,84127658
chr6,41560759,41562103
chr4,6298806,6299806
chr3,121380033,121381033
chr2,240425397,240426397
chr10,64120314,64121314
chr5,141067231,141068231
chr1,110165226,110166226
chr1,197890108,197891108
chr14,20966926,20967926
chr12,131371475,131372565
chr12,27236374,27237397
chr6,30038675,30040048
chr2,145304383,145305383
chr19,54784576,54785650
chr4,39391693,39392789
chr20,1165203,1166203
chr8,129325892,129326892
chr11,128561175,128562175
chr5,172748417,172749417
chr14,36989088,36990088
chr16,75296924,75297924
chr6,32525479,32526479
chr7,73645394,73646549
chr20,43729741,43730741
chr11,119999500,120000500
chr3,427058,428058
chr9,4678449,4679449
chr2,8445393,8446393
chr6,36645000,36646000
chr4,181713711,181714711
chr3,46173643,46175488
chr17,17643844,17644844
chr16,2804231,2805231
chr10,28419023,28420023
chr1,32711737,32712737
chr3,143032595,143033914
chr6,30164527,30165527
chr2,219718348,219719348
chr2,46770317,46771317
chr6,12957580,12958580
chr7,99999500,100000500
chr12,69908897,69909897
chr7,132299413,132300413
chr13,25254242,25255242
chr2,61448412,61449671
chr9,131580091,131581091
chr10,34454951,34455951
chr5,72485134,72486134
chr1,11942654,11943654
chr11,121593720,121594720
chr20,49801660,49802926
chr12,121958263,121959263
chr11,123321682,123322682
chr7,2653233,2654233
chr1,201251824,201252824
chr18,21241845,21242845
chr14,93076842,93077842
chr13,113841219,113842219
chr6,32094970,32095970
chr17,47785811,47786811
chr13,21295090,21296965
chr14,25521807,25522807
chr16,29348223,29349510
chr17,42854353,42855353
chr2,233249870,233251530
chr12,31882615,31883615
chr1,9486439,9487439
chr10,105235733,105236733
chr9,4849662,4850907
chr5,159999500,160000500
chr4,77993645,77994645
chr19,54301139,54302139
chr2,74731971,74732971
chr6,56112196,56113196
chr18,12406630,12407630
chr5,146831887,146832887
chr1,231375983,231376983
chr22,38610295,38611295
chr5,77783395,77784395
chr14,23586082,23587386
chr7,80244000,80245000
chr12,3371390,3372390
chr2,9286515,9287664
chr6,53200158,53201252
chr9,2933223,2934223
chr16,85627148,85628148
chr2,85637334,85638334
chr9,126523163,126524163
chr13,39923338,39924338
chr3,197473506,197474506
chr6,101605440,101606440
chr10,8092739,8093739
chr1,205818751,205820109
chr7,2185046,2186219
chr6,36981243,36982367
chr2,192745022,192746022
chr5,169999500,170000500
chr2,80100872,80101872
chr1,113044360,113045360
chr6,30297127,30298127
chr1,37948842,37949842
chr2,220197076,220198076
chr16,85470174,85471174
chr19,2272550,2273550
chr7,115136615,115137615
chr9,36039139,36040139
chr20,61926703,61927842
chr8,41528446,41529446
chr22,37882470,37883470
chr14,101311244,101312244
chr6,149256435,149257435
chr6,151856756,151858011
chr12,131590096,131591096
chr1,247633899,247635541
chr6,86178845,86179845
chr1,111743608,111744608
chr2,145218451,145219619
chr1,3147391,3148391
chr10,130959184,130960184
chr11,110350074,110351074
chr10,74032320,74033320
chr10,116407882,116408882
chr3,71480986,71481986
chr20,62167442,62169104
chr10,30093017,30094017
chr10,11784420,11785661
chr19,50847524,50848524
chr6,31587043,31588043
chr17,7123494,7124494
chr16,69599803,69600803
chr4,48342833,48343833
chr11,2153491,2154491
chr11,71365645,71366771
chr6,170124991,170125991
chr16,89882740,89883740
chr2,3472430,3473430
chr16,85428535,85429535
chr16,56549257,56550257
chr2,56066777,56067777
chr17,43223832,43224832
chr5,140551847,140552847
chr12,122229990,122230990
chr3,15540762,15541762
chr6,31240151,31241151
chr19,2095143,2096143
chr1,43289497,43290977
chr6,28616140,28617140
chr19,35717234,35718234
chr15,101093400,101094400
chr7,157378445,157379562
chr22,48475230,48476417
chr18,72920946,72921946
chr19,49993365,49994365
chr2,25391339,25392339
chr12,3590238,3591238
chr8,125699397,125700397
chr15,102501152,102502152
chr17,78716483,78717483
chr6,80654235,80655480
chr6,43445442,43446442
chr9,132628498,132629498
chr13,50960928,50961928
chr12,69636667,69637667
chr11,64794540,64795540
chr20,20420412,20421685
chr1,41156575,41158328
chr20,39945003,39946003
chr15,63797701,63798701
chr14,91751231,91752231
chr6,31238288,31239288
chr19,32717614,32718614
chr12,1609037,1610037
chr4,124153793,124154793
chr6,30043424,30044424
chr16,67876913,67877913
chr14,64228180,64229180
chr11,68180084,68181084
chr2,26986050,26987050
chr6,135643905,135644905
chr19,2131575,2132575
chr11,390537,391537
chr9,114937240,114938240
chr6,31105211,31106211
chr20,52491625,52492841
chr7,151137246,151138246
chr1,244326672,244327786
chr17,72442679,72443679
chr6,160231955,160233029
chr2,220073708,220074708
chr1,202583965,202584965
chr8,94683241,94684413
chr1,158900049,158901049
chr16,57022522,57023522
chr20,7831385,7832527
chr1,155022935,155023935
chr22,36906658,36907658
chr6,30025812,30026812
chr5,172264481,172265481
chr12,124999500,125000500
chr7,2672697,2673697
chr10,115085603,115086603
chr14,100841268,100842268
chr11,105946889,105947889
chr17,17294849,17295849
chr16,71495821,71496821
chr14,93798726,93799726
chr16,19980311,19981311
chr1,36053624,36054624
chr11,125999500,126000500
chr15,86098111,86099111
chr10,78867770,78868770
chr4,53525245,53526245
chr9,127424939,127426124
chr2,10182771,10183771
chr5,16737472,16738472
chr20,19915357,19916357
chr20,44416024,44417241
chr1,3209410,3210410
chr10,118898524,118899524
chr17,6916893,6917893
chr1,151966392,151967949
chr3,22411885,22413732
chr6,109700055,109701055
chr22,39322704,39323704
chr15,58723351,58724726
chr1,11561634,11562634
chr7,2622874,2623874
chr7,116849653,116850653
chr3,127109060,127110060
chr5,119801522,119802522
chr20,57580978,57581978
chr13,114324447,114325447
chr19,54368515,54369515
chr9,136782940,136783940
chr10,134980418,134981559
chr9,126153600,126154852
chr6,30185318,30186318
chr9,138951148,138952148
chr14,23525220,23526220
chr12,121646705,121647705
chr12,101988256,101989256
chr16,86638347,86639447
chr7,2221448,2222956
chr11,1330717,1331717
chr1,57873215,57874215
chr12,57893560,57894797
chr12,124911521,124912521
chr9,16868391,16869391
chr2,219458776,219459776
chr5,138611266,138612266
chr16,20120936,20121936
chr14,94404842,94405842
chr13,45992051,45993051
chr12,110546553,110547553
chr22,37583518,37584518
chr1,18335378,18336378
chr13,79182122,79183122
chr7,3033136,3034136
chr6,33647326,33648326
chr10,75639379,75640379
chr8,22734611,22735611
chr7,8200634,8201634
chr1,116999500,117000500
chr6,29727344,29728344
chr2,242808111,242809111
chr3,122634549,122635549
chr13,103049254,103050254
chr19,46396250,46397531
chr22,41983298,41984298
chr17,38503302,38504302
chr8,26148368,26149493
chr19,4651751,4652751
chr2,144999500,145000500
chr1,17338266,17339266
chr8,70983241,70984241
chr1,117057974,117058974
chr1,236686171,236687171
chr5,140186237,140187237
chr8,68863512,68864512
chr1,227002560,227003560
chr6,30003410,30004410
chr11,4790512,4791512
chr10,73491422,73492422
chr3,49208014,49209014
chr7,22537787,22540322
chr6,28543170,28544170
chr1,247572793,247574083
chr2,31459343,31460343
chr4,5712950,5713950
chr12,131864779,131865779
chr1,243348797,243350518
chr19,2622358,2623358
chr14,105553020,105554020
chr19,6686004,6687078
chr8,41518899,41519899
chr16,12355058,12356427
chr19,937130,938130
chr19,14597928,14598928
chr14,68665320,68666320
chr22,22043463,22044743
chr17,58965713,58966713
chr8,96213126,96214126
chr14,74179174,74180174
chr4,170533228,170534228
chr19,49222778,49223778
chr9,127623071,127624071
chr6,33042638,33043638
chr2,235935894,235936978
chr14,77393365,77394365
chr8,7378555,7379555
chr11,72849444,72850444
chr18,12777529,12778529
chr2,242612426,242613426
chr5,126625798,126626798
chr14,65186554,65187554
chr1,38353463,38354686
chr17,40927199,40928199
chr4,42154808,42155808
chr5,957011,958011
chr1,111928863,111929863
chr1,36816799,36817799
chr6,29815305,29816305
chr11,64007632,64008632
chr10,76614128,76615128
chr4,1319731,1320731
chr6,32077898,32078911
chr16,86553222,86554222
chr6,34355753,34356753
chr5,176558834,176559834
chr6,29580617,29581617
chr19,52314219,52315408
chr8,11212168,11213168
chr11,4869463,4870463
chr4,5471616,5472616
chr6,150689625,150690625
chr6,31687928,31688928
chr22,42226337,42227337
chr6,31589093,31590093
chr3,115155186,115156186
chr6,150738673,150739673
chr7,154002118,154003118
chr10,131652785,131653785
chr1,151803760,151804760
chr8,26047280,26048280
chr20,16555019,16556133
chr8,29956844,29957844
chr2,85810792,85811792
chr2,39004829,39005829
chr1,3133920,3134920
chr3,195709178,195710400
chr19,1125842,1126842
chr21,47803011,47804011
chr10,71210204,71211204
chr3,78164211,78165211
chr7,112120377,112121377
chr6,33047944,33048944
chr8,80993221,80994221
chr11,9112690,9113690
chr5,180014952,180015952
chr16,835357,836357
chr5,179048467,179049467
chr1,158799524,158800524
chr12,122712425,122713425
chr12,121999500,122000500
chr1,145473969,145474969
chr1,231163173,231164173
chr14,76844171,76845171
chr20,49159528,49160795
chr7,101762011,101763011
chr5,669233,670233
chr8,6479276,6480276
chr4,65754546,65755546
chr15,74753285,74754285
chr7,73184122,73185122
chr8,10872319,10873319
chr15,59498530,59499530
chr19,21646281,21647281
chr4,3741787,3742881
chr12,125258448,125259448
chr12,56118758,56119758
chr6,20301085,20302085
chr12,26305747,26306747
chr15,99989504,99990672
chr18,21655874,21656874
chr8,1921240,1922240
chr15,34247878,34249030
chr11,9025267,9026267
chr18,42323993,42325270
chr7,100147355,100148556
chr4,6112889,6113889
chr4,13920167,13921457
chr8,67025491,67026491
chr6,133137310,133138310
chr10,104195743,104196839
chr20,61267842,61268842
chr17,38511092,38512092
chr20,48431265,48432265
chr15,31775395,31776395
chr2,85059511,85060511
chr6,31646476,31647476
chr17,76975557,76976767
chr5,153872458,153873649
chr17,21189268,21190268
chr14,105537914,105538914
chr2,136566770,136567770
chr14,35760920,35761920
chr1,248902267,248903267
chr18,25754357,25755357
chr2,73404024,73405024
chr17,74002444,74003444
chr2,20417033,20418127
chr14,70655345,70656345
chr10,95965079,95966079
chr5,171847117,171848117
chr2,70475454,70476454
chr14,91830827,91831827
chr6,32370346,32371346
chr8,71060138,71061138
chr16,89893598,89894598
chr20,1471571,1472571
chr14,106328658,106330152
chr19,31840661,31841661
chr1,26125960,26126960
chr20,5895457,5896932
chr7,105358570,105359570
chr10,126336305,126337305
chr1,207391761,207392761
chr6,31597964,31598964
chr6,34760372,34761372
chr11,118392950,118393950
chr6,29859020,29860020
chr9,15527317,15528317
chr17,7941637,7942637
chr11,61664965,61665965
chr1,85902474,85903474
chr6,31634102,31635102
chr1,155034683,155035683
chr4,119757009,119758009
chr3,53117667,53118667
chr10,82173070,82174070
chr20,57430803,57431803
chr1,45803444,45804444
chr15,65394070,65395070
chr16,88894945,88896054
chr18,77263484,77264834
chr6,64374868,64376110
chr7,106124668,106125668
chr5,178986228,178987228
chr1,155164846,155165846
chr10,104562197,104563197
chr17,800012,801217
chr21,43656087,43657087
chr6,27185264,27186264
chr9,131577524,131578524
chr15,99943159,99944295
chr1,224914299,224915299
chr2,71502746,71503746
chr6,234535,235535
chr5,9545847,9546851
chr18,45458198,45459198
chr17,79796538,79797538
chr1,241803536,241805439
chr2,127528841,127529841
chr17,40823861,40824861
chr7,148105349,148106349
chr4,113738670,113739670
chr2,54828002,54829002
chr20,60947995,60948995
chr13,114820466,114821466
chr5,122372384,122373442
chr1,6063594,6064594
chr14,75760713,75761713
chr19,18898582,18899582
chr9,38392035,38393035
chr19,33725049,33726049
chr17,19295050,19296050
chr16,89374613,89375613
chr1,92270013,92271070
chr10,134361389,134362389
chr6,80316321,80317321
chr12,272135,273135
chr6,31764583,31765583
chr4,122743776,122744776
chr12,120907180,120908180
chr9,33446532,33447532
chr18,8638286,8639286
chr6,131689766,131690766
chr20,748952,749952
chr7,1062181,1063181
chr10,11936172,11937755
chr2,5834138,5835138
chr11,58672953,58674115
chr13,50700345,50701345
chr2,239028875,239029875
chr4,11430859,11431859
chr7,39664114,39665114
chr11,70001833,70002833
chr10,133999500,134000534
chr12,93508637,93509637
chr5,71895497,71896497
chr17,39968767,39969767
chr22,42094868,42095868
chr6,31525361,31526394
chr8,142228556,142229556
chr20,62084049,62085049
chr3,122631852,122632852
chr7,30635262,30636338
chr11,116344075,116345075
chr22,37678291,37679291
chr5,77149450,77150450
chr12,56882035,56883035
chr15,59949512,59950512
chr6,15504423,15505952
chr12,92939573,92941029
chr10,75433862,75435399
chr8,72465747,72466747
chr20,46555870,46557107
chr1,48057890,48059854
chr17,73338787,73339787
chr17,55034064,55035064
chr2,173471847,173472847
chr11,8350533,8351533
chr5,3980001,3981202
chr17,40250227,40251227
chr16,29801102,29802102
chr15,57594798,57595798
chr4,154680697,154681697
chr5,64858497,64859497
chr6,34856973,34857973
chr3,197071752,197073051
chr21,34668041,34669201
chr16,50774788,50775788
chr16,1182962,1183962
chr5,179202869,179203869
chr6,150166859,150167859
chr17,37607704,37608704
chr8,8830922,8831922
chr7,131008243,131009243
chr7,101936027,101937027
chr6,29892773,29895119
chr1,163073588,163074588
chr12,114885559,114886559
chr20,50311990,50312990
chr5,10567405,10568405
chr1,155006514,155007514
chr1,6158191,6159191
chr17,46522041,46523141
chr7,101372284,101373393
chr1,898934,899934
chr6,29591253,29592253
chr6,137238324,137239324
chr7,73666897,73667897
chr16,15787420,15788420
chr11,79115206,79116206
chr6,18277613,18278613
chr15,72524512,72525512
chr10,95146492,95147826
chr7,130131953,130132953
chr8,1299584,1300584
chr13,21279925,21280925
chr13,29012887,29013887
chr14,21584090,21585090
chr3,73652109,73653109
chr10,132800064,132801064
chr7,1112737,1113737
chr10,99531429,99532429
chr11,2239491,2240491
chr1,97330710,97331710
chr20,44686592,44687592
chr11,48325888,48326888
chr6,153302909,153303909
chr12,312095,313095
chr3,63637058,63638058
chr8,143125222,143126222
chr6,169260203,169261203
chr20,57267919,57268919
chr10,1392668,1393668
chr13,99869397,99870397
chr6,97730796,97731796
chr6,32819529,32820529
chr6,34205900,34206995
chr20,44829222,44830222
chr17,17109680,17110680
chr6,29415571,29416595
chr17,76360294,76361294
chr11,66083041,66084197
chr3,123167022,123168022
chr16,30409408,30410408
chr1,201511110,201512252
chr4,83814950,83815950
chr4,7597072,7598072
chr17,78925043,78926043
chr6,118902547,118903547
chr4,1009308,1010308
chr1,26546877,26548414
chr1,159173662,159174662
chr16,56702900,56703900
chr16,28996439,28998467
chr8,67405022,67406414
chr1,180122817,180123817
chr6,30898905,30899905
chr18,54795004,54796004
chr17,64370165,64371165
chr1,51700014,51701014
chr1,9293774,9294774
chr2,74726510,74727510
chr1,1022663,1023663
chr17,34068391,34069391
chr10,71992707,71993707
chr3,32933137,32934137
chr22,36600479,36602022
chr4,109540905,109541905
chr16,57831245,57832245
chr6,17988437,17989437
chr14,74226931,74227941
chr7,138482080,138483080
chr10,124895197,124896197
chr5,122759170,122760170
chr6,32115817,32117048
chr7,105514719,105515719
chr11,129715970,129716970
chr12,116970665,116971665
chr22,40404457,40405457
chr2,43019354,43020354
chr3,44770613,44771613
chr19,4124448,4125613
chr21,40451426,40452509
chr2,242009013,242010013
chr6,31466298,31467298
chr21,46359944,46360944
chr11,68079181,68080181
chr17,38477072,38478072
chr7,152372703,152373703
chr18,77256852,77257852
chr5,137685065,137686065
chr3,138951831,138953143
chr6,21664152,21665152
chr7,158827949,158828949
chr11,1947101,1948101
chr4,16532308,16533308
chr10,50969749,50970749
chr5,156691255,156692255
chr13,114111183,114112408
chr9,125999500,126000500
chr14,47120533,47121533
chr11,44331724,44332724
chr15,71622790,71623790
chr6,150284975,150285975
chr10,3509210,3510210
chr2,7188616,7189616
chr19,58571138,58572138
chr19,11301725,11302725
chr3,50388410,50389410
chr13,53029088,53030088
chr22,50924784,50925784
chr5,1168873,1169873
chr13,112333127,112334127
chr2,237039326,237040326
chr19,56704933,56705933
chr13,114874782,114875782
chr3,40565585,40566585
chr19,53516458,53517954
chr19,45255296,45256296
chr6,109162201,109163513
chr15,90500734,90501797
chr7,5413372,5414372
chr6,291403,292403
chr13,21044759,21045818
chr3,101038872,101040421
chr6,157093585,157094585
chr17,2166083,2167083
chr9,140356330,140357330
chr3,125643374,125644479
chr1,10534552,10535552
chr8,144164976,144165976
chr14,75896917,75897917
chr11,131787081,131788081
chr3,141375838,141376838
chr19,29703528,29704528
chr22,50327486,50328486
chr19,5996774,5997774
chr6,112658092,112659092
chr1,226315357,226316357
chr4,53798891,53799891
chr9,129232669,129234025
chr7,4764812,4765812
chr22,50527713,50528812
chr6,137093944,137094944
chr1,2237834,2239347
chr11,19886289,19887289
chr19,1315376,1316376
chr3,189348823,189349823
chr6,159238244,159239244
chr5,138608722,138609722
chr3,37958856,37959856
chr17,79058875,79059875
chr20,33863259,33864259
chr19,44278128,44279128
chr11,67795112,67796238
chr17,54912370,54913370
chr4,47955511,47956511
chr10,93170066,93171066
chr19,45252455,45253455
chr11,2723644,2724644
chr19,4666398,4667672
chr14,69437767,69438767
chr17,59221976,59222976
chr3,49710268,49711268
chr19,43201622,43202622
chr17,16837736,16838736
chr11,71158425,71159425
chr16,88102617,88103617
chr2,105742047,105743047
chr2,242790563,242791621
chr2,98702950,98703950
chr8,21912364,21913364
chr11,133927802,133928802
chr3,113932604,113933604
chr2,236509269,236510269
chr14,24163578,24164578
chr17,54676095,54677095
chr20,57452993,57454464
chr2,12993894,12994894
chr20,36711546,36712669
chr11,96057005,96058005
chr16,4677864,4679128
chr3,151984322,151985322
chr5,497020,498020
chr10,63945713,63946713
chr17,80545205,80546205
chr15,29213248,29214248
chr1,172902551,172903551
chr1,151483711,151484711
chr14,90082775,90083775
chr10,31871796,31872796
chr2,129078723,129079723
chr10,14051528,14052528
chr6,25730830,25731830
chr2,121999500,122000500
chr5,172382325,172383325
chr6,29425632,29426632
chr1,155578869,155579869
chr2,97170743,97171743
chr3,138152770,138153770
chr3,35705661,35706661
chr16,88766450,88767597
chr6,28557506,28558506
chr2,190706464,190707464
chr15,31624084,31625084
chr3,72149014,72150014
chr2,217243195,217244195
chr13,113717545,113718545
chr14,24422249,24423337
chr1,43422420,43423420
chr19,37824888,37826179
chr16,11962673,11963673
chr17,20186957,20187957
chr1,15307022,15308022
chr6,32489512,32490512
chr16,3114633,3115633
chr19,38704015,38705015
chr5,133764048,133765048
chr17,40074682,40075682
chr11,73018502,73019502
chr6,170553722,170554722
chr2,112123880,112124880
chr7,66204297,66205297
chr14,24799805,24800805
chr6,32339708,32340708
chr14,94839676,94840889
chr2,9346792,9347792
chr15,74494609,74495609
chr7,2645042,2646042
chr12,72079324,72080324
chr6,116725898,116727087
chr17,59457069,59458381
chr16,11852688,11853886
chr10,104406490,104407490
chr14,65561677,65562677
chr5,142077029,142078029
chr8,27940905,27941905
chr13,114304726,114305726
chr14,21555103,21556103
chr3,31720946,31721946
chr17,80083950,80085714
chr6,41909519,41910519
chr16,2850559,2851744
chr20,62948872,62949872
chr18,11950417,11951417
chr12,123921293,123922293
chr6,150069649,150070649
chr6,20467872,20468872
chr3,140396589,140397589
chr1,32644527,32645527
chr1,236016778,236017778
chr5,158633585,158634585
chr9,129467657,129468657
chr19,49250061,49251061
chr15,45693786,45694786
chr15,93129416,93130416
chr1,227133301,227134301
chr7,99774922,99775922
chr17,78719726,78720726
chr10,26985880,26986880
chr6,30613897,30614897
chr21,33957457,33958457
chr1,203561080,203562080
chr6,29633995,29634995
chr11,71506471,71507601
chr20,37062121,37063121
chr16,3211019,3212019
chr17,72635263,72636631
chr2,218298524,218299524
chr6,31648064,31650019
chr2,96971362,96972362
chr16,81772353,81773516
chr16,24493618,24494618
chr11,111741414,111742414
chr16,31344777,31345777
chr1,156609023,156610023
chr11,68607122,68608237
chr16,28938878,28939878
chr7,48127742,48128742
chr5,2224901,2225901
chr2,45870383,45871383
chr7,1133363,1134692
chr18,76601147,76602147
chr6,29932911,29933911
chr5,138722894,138723894
chr16,27413918,27414918
chr1,236849732,236850732
chr10,22725385,22726385
chr7,157071550,157072550
chr10,79997387,79998387
chr13,112063195,112064195
chr11,133797411,133798411
chr6,42531491,42532491
chr7,155556090,155557090
chr15,101991080,101992080
chr16,69458055,69459055
chr13,51797146,51798146
chr6,50818554,50819554
chr6,2768116,2769116
chr9,96009587,96010587
chr2,86225102,86226102
chr10,22766361,22767361
chr6,3377798,3378903
chr5,176856345,176857345
chr2,240196631,240197631
chr13,112728076,112729076
chr22,35694734,35695734
chr3,197236389,197238180
chr1,110185918,110186918
chr1,159913691,159914691
chr20,25680552,25681552
chr6,25652102,25653102
chr11,105948606,105949606
chr19,46196434,46197434
chr5,641880,642880
chr14,92983145,92984145
chr17,46022309,46023309
chr15,50736322,50737707
chr12,128364239,128365239
chr1,114429531,114430531
chr14,65879406,65880406
chr19,55847110,55848311
chr1,3247873,3248873
chr6,32294003,32295077
chr7,99868954,99869954
chr12,133248723,133249919
chr14,101139195,101140195
chr6,31782418,31783418
chr12,12710235,12711235
chr6,155442493,155443493
chr8,144442347,144443347
chr5,49959689,49961075
chr10,134171282,134172282
chr5,166097741,166098741
chr14,95721606,95722606
chr1,234666587,234667587
chr2,74725310,74726310
chr10,34408086,34409086
chr6,43894139,43895139
chr3,52255221,52256221
chr6,125635249,125636249
chr2,157183637,157184637
chr4,57177480,57178717
chr13,44388173,44389173
chr5,97746235,97747235
chr22,22221099,22222099
chr6,34949273,34950273
chr7,29878580,29879667
chr17,56299229,56300229
chr2,132439547,132440547
chr12,110153554,110154730
chr11,118096538,118097538
chr6,41620451,41621451
chr13,111364416,111365416
chr7,750220,751220
chr10,51575092,51576092
chr22,45706226,45707226
chr22,30783237,30784237
chr1,160661747,160662839
chr19,6271460,6272460
chr1,1225281,1226281
chr5,180642932,180643932
chr6,79576732,79577732
chr9,20621388,20622388
chr3,164908119,164909119
chr11,63402871,63403871
chr7,1686284,1687349
chr19,2680395,2681705
chr2,227656692,227657692
chr15,33010036,33011036
chr2,233388643,233389643
chr8,142653290,142654290
chr2,6635569,6636569
chr15,52393589,52394748
chr10,80834447,80835447
chr12,65007100,65008273
chr9,139999500,140000500
chr17,75368314,75371049
chr5,149668988,149669988
chr20,58885163,58886349
chr14,46241076,46242076
chr16,54403881,54404881
chr16,87915307,87916307
chr22,31030544,31031544
chr10,111693423,111694423
chr2,242814821,242815821
chr5,394944,395944
chr6,127781373,127782373
chr5,133889780,133890780
chr16,46654222,46655222
chr13,25087852,25088852
chr17,80626953,80628130
chr15,23085083,23086083
chr11,86510415,86511498
chr1,27709350,27710350
chr12,31475979,31476979
chr17,75416665,75417665
chr8,125736853,125737853
chr8,66542125,66543125
chr18,47017595,47018595
chr2,198339111,198340111
chr3,64430134,64431134
chr1,156093448,156094448
chr13,74899032,74900032
chr1,1360577,1362166
chr1,12039485,12040485
chr5,3092321,3093321
chr13,50856324,50857324
chr15,90479626,90480735
chr11,102962532,102963532
chr4,84254911,84255911
chr3,9920035,9921035
chr6,37016369,37017369
chr8,62672944,62673944
chr5,52405138,52406138
chr3,185911296,185912296
chr3,64199505,64200505
chr11,67383191,67384302
chr11,70256780,70257780
chr19,49315163,49316179
chr1,234905272,234906272
chr17,46046933,46048177
chr11,72463204,72464703
chr11,67184096,67185096
chr14,24603540,24604540
chr11,68602879,68603879
chr6,26987701,26988701
chr19,8600923,8601923
chr17,62460893,62461893
chr22,43546671,43547671
chr12,57039545,57040545
chr5,173616674,173617674
chr3,87843255,87844255
chr3,166528222,166529222
chr7,128395429,128396429
chr12,57848529,57849529
chr11,76801504,76802504
chr15,52553671,52554671
chr12,14405111,14406231
chr3,129898923,129900139
chr2,128564875,128565875
chr1,24307016,24308035
chr1,55353206,55354206
chr3,10324994,10325994
chr17,58179369,58180369
chr12,114049484,114050484
chr6,8435718,8436718
chr6,32977640,32978640
chrX,120175718,120176718
chr3,54999291,55000291
chr1,9686971,9687971
chr12,57487612,57488612
chr11,2858121,2859121
chr9,137030055,137031226
chr2,157175606,157176606
chr2,46370479,46371479
chr2,33151057,33152057
chr17,1948135,1949135
chr4,2747526,2748526
chr19,58920310,58921310
chr5,39475624,39476624
chr18,44626398,44627398
chr12,66192470,66193470
chr11,93276113,93277113
chr11,9682141,9683141
chr12,108954667,108955667
chr2,235578452,235579452
chr8,144965312,144966312
chr4,68579061,68580175
chr6,170102998,170103998
chr20,16706578,16707578
chr9,126122844,126123844
chr15,93131876,93132876
chr16,29229546,29230783
chr5,157097345,157098345
chr3,136468505,136469505
chr5,134786442,134787442
chr13,76122586,76124395
chr1,66999429,67000429
chr16,85836890,85837890
chr17,47312493,47313789
chr12,47605185,47606595
chr6,29697784,29698784
chr17,70556279,70557279
chr5,149339654,149340654
chr19,54603598,54604598
chr6,32710016,32711508
chr2,238395264,238396264
chr22,50658936,50659936
chr6,29592354,29593990
chr7,102073039,102074039
chr2,149895377,149896377
chr10,134793645,134794854
chr11,65248842,65249842
chr1,207996520,207997520
chr17,7755377,7756377
chr22,35821222,35822222
chr16,50278675,50279675
chr6,29942901,29945580
chr16,1308914,1309914
chr6,159534551,159535746
chr1,205090901,205091901
chr3,37033403,37034403
chr19,54242144,54243144
chr15,34717939,34719008
chr2,242822775,242823775
chr17,79894011,79895011
chr5,3393963,3394998
chr17,77019279,77020279
chr17,10581013,10582802
chr2,173477495,173478495
chr12,56039708,56040708
chr19,1527918,1528918
chr2,98326061,98327061
chr2,1795728,1796728
chr7,129398749,129399749
chr13,21034579,21035579
chr14,94423204,94424204
chr3,58522189,58523189
chr2,242605853,242606853
chr11,2321455,2322455
chr6,130761221,130762221
chr1,77933093,77934093
chr6,30581320,30582320
chr2,240449183,240450183
chr19,3547573,3548573
chr5,398860,401232
chr1,20029883,20030883
chr2,106215169,106216169
chr16,67692952,67693952
chr13,21893162,21894162
chr3,129817443,129818677
chr17,74836183,74837183
chr3,171175213,171176213
chr15,68502687,68503687
chr2,39187039,39188039
chr10,30024311,30025311
chr6,29576506,29577506
chr4,134017422,134018422
chr1,202091796,202092796
chr22,25574446,25575496
chr6,29520274,29522256
chr14,92794730,92795730
chr2,241999500,242000500
chr16,67312524,67313524
chr7,97739196,97740196
chr11,1806833,1807833
chr15,89533081,89534081
chr5,323294,324407
chr12,1642379,1643379
chr8,117483798,117484798
chr22,36691132,36692132
chr1,234528905,234530009
chr17,46132698,46133698
chr19,35951005,35952321
chr2,208047373,208048373
chr1,206732639,206733639
chr3,101406043,101407043
chr11,14380418,14381418
chr15,52385661,52386661
chr3,125474343,125475595
chr1,43919761,43920761
chr2,236486125,236487125
chr5,110411240,110412240
chr17,46618114,46619114
chr6,32190028,32191996
chr1,246951995,246952995
chr11,76380540,76382291
chr8,116678082,116679082
chr1,181561011,181562011
chr9,130889784,130890784
chr5,176736091,176737091
chr3,99594754,99595754
chr6,170564374,170565652
chr22,19017373,19018373
chr7,152591198,152592198
chr2,115821539,115822539
chr7,26236221,26237221
chr19,15838256,15839256
chr7,29234487,29235487
chr1,198905994,198906994
chr12,132958290,132959592
chr16,54315051,54316051
chr12,96337486,96338674
chr10,7661111,7662111
chr11,2721907,2723125
chr6,26237121,26238121
chr19,8200764,8201764
chr1,27898257,27899257
chr5,600975,601975
chr13,45562828,45563828
chr16,31075342,31076342
chr4,106579795,106580795
chr6,32164088,32165223
chr1,11740165,11741165
chr12,38448616,38449616
chr3,123170694,123171694
chr11,10323402,10324402
chr15,77905627,77906627
chr2,98368933,98369933
chr15,28341283,28342283
chr11,67170110,67171110
chr13,114999500,115000726
chr1,1658381,1659475
chr10,115370555,115371555
chr10,48438729,48439729
chr12,11652986,11653986
chr13,99999500,100000500
chr16,11421909,11422909
chr2,71693784,71694784
chr19,43632884,43634145
chr15,40191658,40192658
chr4,6906896,6907896
chr2,50388275,50389275
chr1,214725300,214726300
chr12,53721677,53722677
chr12,9064052,9065052
chr8,42064380,42065380
chr11,67139046,67140046
chr7,565967,566967
chr5,146870193,146871193
chr3,48507772,48508772
chr7,30185276,30186276
chr11,68432644,68433693
chr6,29909601,29911604
chr10,32701086,32702086
chr14,55752472,55753612
chr8,38614830,38615830
chr3,183705227,183706227
chr6,31082335,31083335
chr6,119031422,119032422
chr11,72450921,72451921
chr5,372799,373878
chr15,67358789,67359789
chr3,16411167,16412167
chr17,74678336,74680097
chr17,38493322,38494322
chr5,60138261,60139261
chr9,138361827,138362827
chr3,53699763,53700763
chr15,65321808,65322808
chr1,156073635,156074635
chr1,161696552,161697552
chr1,228744912,228746086
chr6,31408855,31410257
chr11,19366675,19367675
chr3,185648068,185649068
chr22,39759364,39760665
chr8,6875161,6876161
chr10,1000075,1001075
chr22,20087517,20089085
chr8,60032426,60033483
chr10,65390026,65391026
chr3,194071716,194072716
chr1,112057804,112058804
chr13,48072944,48073944
chr5,1290944,1292305
chr12,46100947,46101947
chr7,138602049,138603049
chr17,77070344,77071344
chr4,76621544,76622544
chr11,33307769,33308769
chr8,17211677,17212677
chr17,76857748,76858748
chr1,234870977,234871977
chr17,4080595,4082074
chr12,58240539,58241539
chr7,103082405,103083405
chr7,4751295,4752485
chr12,96720313,96721313
chr17,73271266,73272266
chr2,232259123,232261059
chr6,29395450,29396450
chr15,77271230,77272230
chr1,245287970,245288970
chr16,16227799,16228799
chr12,7260046,7261276
chr20,57607069,57608069
chr6,30078780,30079780
chr22,18530885,18531885
chr1,207095168,207096168
chr13,74875471,74876471
chr6,169999500,170000500
chr6,33500879,33501879
chr19,15695317,15696317
chr9,94560575,94561575
chr7,4807004,4808004
chr5,9046711,9047711
chr16,87202872,87203965
chr6,32133478,32134478
chr17,10707047,10708047
chr21,47851484,47852646
chr5,74862202,74863202
chr11,77707700,77708848
chr13,75859162,75860162
chr12,121973371,121974646
chr7,33148617,33149617
chr16,88105198,88106198
chr14,102999500,103000500
chr17,74073027,74074376
chr7,28101841,28102841
chr8,59745788,59746788
chr11,68781476,68782476
chr17,79045163,79046163
chr2,10950011,10951011
chr11,67156461,67157461
chr16,75252473,75253473
chr7,99332414,99333414
chr19,1876080,1877080
chr1,246670228,246671228
chr1,220991742,220992831
chr3,123698708,123699708
chr10,51564316,51565316
chr14,91880997,91881997
chr11,56466078,56467078
chr2,238223757,238224757
chr6,46889602,46890602
chr17,75446049,75447049
chr9,95898802,95899802
chr16,27780795,27781795
chr6,169263299,169264299
chr17,42467228,42468228
chr5,95297566,95298566
chr14,62185641,62186641
chr17,977484,978484
chr15,78504551,78505551
chr5,43036785,43037785
chr5,172151687,172152797
chr12,9556498,9557498
chr2,190743774,190744774
chr5,171765529,171766529
chr16,70452685,70453685
chr4,8974783,8975895
chr4,71704769,71705769
chr8,142201284,142202284
chr2,54802404,54803404
chr1,66153294,66154294
chr7,2116148,2117353
chr15,50351788,50352788
chr8,23154191,23155191
chr6,29802088,29803088
chr4,174292563,174293563
chr13,78272139,78273139
chr17,48139912,48140912
chr12,57868990,57869990
chr1,110025142,110026142
chr8,22005879,22006879
chr17,53809064,53810064
chr11,75112660,75113660
chr1,1476694,1477694
chr1,1371344,1372344
chr5,501363,502363
chr4,129076099,129077099
chr2,206197430,206198430
chr22,19748688,19749688
chr19,55324951,55325951
chr17,40176915,40177915
chr10,126744346,126745346
chr1,169555522,169556522
chr8,116250995,116252194
chr2,241722777,241723777
chr11,129991044,129992044
chr16,58766749,58767749
chr6,42421257,42422257
chr20,60860456,60861540
chr14,22235518,22237098
chr6,169309318,169310387
chr1,178455300,178456300
chr15,45391565,45392565
chr12,53489852,53490852
chr16,85600139,85601139
chr2,98329442,98330442
chr17,72460709,72462665
chr4,134073921,134074921
chr22,37446898,37447898
chr6,90777727,90778727
chr18,67623571,67624893
chr16,71761504,71762593
chr6,34954367,34955367
chr12,42631812,42632812
chr16,89573062,89574062
chr1,26248397,26249397
chr11,128779108,128780108
chr5,422073,423073
chr3,61547672,61548672
chr5,131999500,132000500
chr16,86529553,86530553
chr6,32192735,32193735
chr7,32802225,32803360
chr7,1855209,1856209
chr1,35908109,35909109
chr16,89723797,89724797
chr6,16322785,16323785
chr1,76251252,76252252
chr8,142301658,142302750
chr2,86850818,86851818
chr5,157078812,157079812
chr22,18593696,18594696
chr19,1464707,1465707
chr10,11911910,11912910
chr1,142617541,142618541
chr10,102107257,102108257
chr16,57391329,57392329
chr15,52484420,52485420
chr10,126628826,126629826
chr3,41281027,41282027
chr19,41944852,41945852
chr1,208203562,208204562
chr10,79346604,79347604
chr1,155717216,155718485
chr11,70120220,70121220
chr1,151300121,151301121
chr6,90271872,90273114
chr22,21368510,21369510
chr22,18893321,18894321
chr8,10385539,10386539
chr7,3988573,3989693
chr19,17136062,17137062
chr5,180476073,180477073
chr12,81471438,81472438
chr6,30139092,30140092
chr4,109037630,109038630
chr1,116652899,116653899
chr2,105374495,105375495
chr5,1153246,1154246
chr17,55550113,55551113
chr5,175620895,175621895
chr20,896481,897550
chr3,59703069,59704069
chr13,113698106,113699322
chr17,8803779,8804779
chr13,24527590,24528590
chr22,39713693,39714693
chr3,69171235,69172235
chr17,73641309,73642309
chr17,44928467,44929467
chr13,40976178,40977178
chr8,143278992,143279992
chr19,666954,667954
chr11,58668134,58669134
chr11,61716691,61717691
chr19,48215890,48216890
chr2,238706523,238707523
chr1,60391961,60392961
chr1,201123617,201124617
chr12,46465553,46466553
chr6,139909141,139910141
chr12,115112712,115113712
chr12,1613939,1614939
chr8,144564777,144565777
chr10,133449215,133450215
chr2,1718823,1719823
chr12,133346357,133347421
chr12,30848614,30849614
chr3,38388308,38389308
chr14,91710541,91711541
chr1,2003722,2004722
chr17,47301114,47302114
chr4,174427215,174428215
chr8,108509596,108510596
chr2,232262530,232263530
chr19,42381450,42382450
chr12,41083090,41084090
chr16,78082201,78083201
chr14,92040996,92041996
chr7,41920977,41922188
chr21,36411619,36412619
chr12,80411440,80412440
chr17,72758782,72759782
chr5,170816042,170817042
chr11,415999,416999
chr7,155794252,155795252
chr5,2864679,2865679
chr3,17781388,17782388
chr13,41884652,41885652
chr22,39634687,39635687
chr5,111017056,111018056
chr16,58549179,58550179
chr17,75521949,75522949
chr13,113624491,113625491
chr13,49365703,49366703
chr2,222542888,222543888
chr2,206830181,206831181
chr11,6517787,6518787
chr6,169271665,169272665
chr5,83898208,83899208
chr19,17000085,17001085
chr6,30433715,30434715
chr16,84150800,84151800
chr7,130133988,130134988
chr3,5238811,5239811
chr7,110730701,110731701
chr6,31275051,31277167
chr2,216175748,216177061
chr5,5139374,5140374
chr12,131281161,131282161
chr3,98375978,98376978
chr8,8204302,8205302
chr22,36648473,36649473
chr20,34286884,34287884
chr1,119554064,119555064
chr6,31697180,31698180
chr15,81004082,81005082
chr19,45682763,45683763
chr10,96383128,96384128
chr1,15736540,15737540
chr12,121410355,121411769
chr22,19609293,19610406
chr5,115148689,115149689
chr12,126591342,126592342
chr6,33046685,33047685
chr10,100164094,100165094
chr19,55975327,55976327
chr13,113783582,113784582
chr6,111302808,111303808
chr7,33196791,33197791
chr8,142232927,142233936
chr11,6290451,6291451
chr7,1071039,1072421
chr5,50685216,50686216
chr3,111267551,111268551
chr3,125825720,125826826
chr7,130417824,130419673
chr16,82662611,82663611
chr20,44990091,44991091
chr20,25566063,25567063
chr8,28960790,28961951
chr1,32108651,32109651
chr6,17885624,17886624
chr16,90076266,90077266
chr3,187442767,187443767
chr17,3323291,3324291
chr1,64938242,64939242
chr14,106354412,106355412
chr1,4726257,4727257
chr6,31324636,31325636
chr3,152016740,152017740
chr9,136017255,136018255
chr21,44355477,44356986
chr17,12874397,12875397
chr2,26364471,26365471
chr6,170230720,170231720
chr19,9973097,9974239
chr6,161591721,161592721
chr3,122399974,122400974
chr3,142682676,142683676
chr15,40697091,40698091
chr4,9700189,9701580
chr17,38470564,38471564
chr5,174911012,174912012
chr7,1877514,1878729
chr8,124173233,124174233
chr10,112260367,112261367
chr7,5060204,5061204
chr7,137561940,137562940
chr3,12044949,12045949
chr4,102711510,102712897
chr2,242955396,242956396
chr1,1453649,1454649
chr15,63445091,63446091
chr7,148116575,148117575
chr6,89827415,89828415
chr16,57871927,57872927
chr14,51759688,51760688
chr2,114077199,114078380
chr16,90023950,90024950
chr6,32764487,32765781
chr11,67182998,67183998
chr5,139012817,139013817
chr11,36113626,36114626
chr6,30686721,30687721
chr1,1403573,1404573
chr12,401768,403058
chr8,146103721,146104721
chr6,32606134,32607134
chr6,167060365,167061583
chr18,24283184,24284184
chr2,96803032,96804032
chr5,71851964,71852964
chr5,39719120,39720120
chr2,97556785,97557785
chr16,17561919,17563460
chr4,38784078,38785097
chr8,91802912,91803912
chr6,29854802,29855935
chr8,91226602,91227602
chr11,62378563,62379563
chr15,29268961,29269961
chr16,68112468,68113468
chr1,20501058,20502058
chr4,6573980,6574980
chr16,88316005,88317005
chr14,101120593,101121593
chr1,110575904,110576904
chr7,45001787,45003419
chr3,47050450,47051450
chr15,42779590,42780590
chr17,47653857,47654857
chr17,27053195,27054195
chr12,89888053,89889053
chr3,152049480,152050480
chr6,30881164,30882164
chr11,102217858,102218858
chr2,231999500,232000500
chr1,1100931,1101931
chr19,10655122,10656186
chr1,51779155,51780155
chr5,139166677,139167677
chr2,62131930,62132930
chr6,32427251,32428368
chr4,170629268,170630268
chr4,139096040,139097040
chr7,1960295,1961295
chr6,33738906,33739906
chr20,62198681,62199681
chr5,134240744,134241744
chr6,42357705,42358802
chr10,110671109,110672109
chr7,158114105,158115105
chr14,91591388,91592388
chr7,38398339,38399339
chr10,50746584,50747584
chr9,99772858,99773858
chr16,4654166,4655166
chr17,46671361,46672361
chr13,42038834,42039834
chr17,38976209,38977209
chr2,135149166,135150166
chr8,24506697,24507697
chr6,14283682,14284682
chr3,193999500,194000500
chr6,33396622,33399177
chr3,11126793,11127793
chr6,32780884,32781884
chr19,31838671,31839671
chr10,23633259,23634259
chr16,85105990,85106990
chr2,38709671,38710671
chr17,59472354,59473354
chr2,239544473,239545473
chr1,151148870,151149870
chr6,32362728,32363728
chr7,18590572,18591572
chr10,72219251,72220251
chr21,47433502,47434502
chr19,10449442,10450442
chr5,146864169,146865169
chr7,101466250,101467250
chr1,10764012,10765012
chr17,26834615,26835615
chr15,58539902,58540902
chr11,8931208,8932208
chr10,7825399,7826399
chr14,68008397,68009545
chr2,201354648,201355648
chr9,5042118,5043118
chr14,77332483,77333483
chr16,89202071,89203071
chr14,75052101,75053101
chr5,150442168,150443168
chr11,61584227,61585227
chr3,31579976,31580976
chr7,152370922,152371922
chr1,203651579,203652579
chr11,72090520,72091520
chr6,26535471,26536471
chr1,206863104,206864104
chr1,211848260,211849260
chr16,8966473,8967570
chr8,11773997,11774997
chr1,113737733,113738733
chr10,3372437,3373437
chr1,47655503,47656503
chr10,124227978,124228978
chr3,33479609,33480609
chr13,21140566,21141566
chr11,62620678,62622291
chr10,46157595,46158595
chr5,32018101,32019101
chr11,61283365,61284365
chr2,176974434,176975434
chr8,12747772,12748772
chr1,39456757,39457757
chr7,2874056,2875121
chr3,184243218,184244218
chr4,87829466,87830466
chr16,72743,73743
chr8,144576685,144577685
chr3,138666219,138667219
chr1,202935841,202936841
chr6,32034527,32035688
chr3,79355103,79356264
chr20,56613471,56614566
chr8,28918321,28919542
chr10,46993002,46994002
chr3,116737190,116738190
chr20,44657725,44658725
chr2,1745707,1746707
chr1,2036143,2037143
chr2,3257729,3258979
chr10,54072945,54073945
chr8,112240652,112241652
chr10,76994613,76995613
chr19,48248402,48249402
chr3,150237757,150238873
chr20,58148158,58149495
chr16,82659817,82660817
chr6,29569508,29570508
chr1,228761717,228762828
chr16,89714349,89715349
chr21,34439045,34440045
chr12,123633659,123634659
chr17,43323822,43324822
chr19,1130366,1131465
chr5,392420,393866
chr19,289402,290402
chr12,25173099,25174642
chr20,19190645,19191645
chr13,38935467,38936467
chr12,110092001,110093094
chr1,120255441,120256492
chr2,240224642,240225642
chr7,79839816,79840885
chr6,30457661,30458661
chr6,32303320,32304320
chr11,1036227,1037227
chr10,103211096,103212329
chr16,66994643,66995692
chr2,102867523,102868523
chr7,77045634,77046634
chr17,35503456,35504456
chr14,75383076,75384173
chr18,28622659,28623659
chr19,46388287,46389287
chr2,102895212,102896212
chr2,232548724,232549724
chr12,131413689,131414689
chr14,105183645,105184645
chr11,73035591,73036748
chr2,134949171,134950171
chr14,102554477,102555477
chr3,142606318,142607318
chr19,3357682,3358682
chr16,90015520,90016520
chr14,50088044,50089044
chr6,73123173,73124327
chr7,29153060,29154060
chr4,100632451,100633451
chr17,57903044,57904044
chr12,114404100,114405104
chr10,50534573,50535573
chr17,39058898,39059898
chr4,169417724,169418724
chr1,68961784,68962784
chr19,46306978,46307978
chr7,95024907,95025907
chr6,31431469,31432469
chr2,31803036,31804036
chr1,3239727,3240727
chr16,75149956,75150956
chr8,142284645,142285645
chr1,61907072,61908297
chr2,233282829,233285789
chr20,23077206,23078464
chr3,179489392,179490392
chr16,56998212,56999212
chr6,30920407,30921407
chr16,2070361,2071361
chr12,6898000,6899000
chr17,1732072,1733072
chr4,166250689,166251689
chr16,18994657,18995657
chr11,3013309,3014309
chr18,78004975,78005975
chr12,109900583,109901583
chr9,138593126,138594126
chr1,9473251,9474251
chr17,26972305,26973305
chr12,53642241,53643241
chr7,1265680,1266680
chr14,73711789,73712789
chr4,3871358,3872358
chr9,140042157,140043157
chr18,77608496,77609496
chr7,139952617,139953617
chr10,116580805,116581805
chr1,224075399,224076399
chr7,29322304,29323304
chr15,52661888,52663039
chr4,6324129,6325129
chr7,120646378,120647378
chr10,22623321,22624321
chr13,28500626,28501626
chr10,47729149,47730428
chr2,75063338,75064338
chr1,184598094,184599094
chr2,112292767,112293767
chr12,18705351,18706595
chr19,7992851,7994025
chr1,19724551,19725551
chr1,35585858,35587003
chr6,168482406,168483406
chr16,73125446,73126621
chr9,82299429,82300429
chr6,158017614,158018649
chr10,126107361,126108361
chr6,29600989,29601989
chr6,118972330,118973330
chr11,72448039,72449039
chr17,74477042,74478042
chr7,6728025,6729025
chr1,46483372,46484835
chr11,118780650,118781650
chr6,731606,732606
chr3,12601546,12602546
chr3,124653116,124654255
chr1,15764481,15765481
chr5,65891587,65892587
chr10,98417879,98418879
chr11,353262,354262
chr3,123062977,123063977
chr1,225964437,225965437
chr7,128550446,128551446
chr16,2524034,2525034
chr6,32551249,32552539
chr7,151504364,151505364
chr15,39872560,39874053
chr11,9384987,9385987
chr11,12180967,12181967
chr15,59587046,59588046
chr6,32332731,32333731
chr7,23053399,23054399
chr1,1266752,1267752
chr13,114786006,114787006
chr19,42896738,42897738
chr19,18225228,18226228
chr7,158752215,158753215
chr6,29720141,29721141
chr2,120999500,121000500
chr11,126322076,126323076
chr15,53095323,53096323
chr12,89032780,89033780
chr22,37095633,37096633
chr17,66508012,66509012
chr5,157009646,157010707
chr12,132414349,132415349
chr12,122847958,122849209
chr1,39859109,39860109
chr6,44230477,44231805
chr12,72683327,72684327
chr12,133559263,133560263
chr4,80993319,80994319
chr16,29210729,29211852
chr7,158999500,159000500
chr7,4091414,4092680
chr17,76964907,76965907
chr6,28600917,28601917
chr19,18108545,18109545
chr6,30568711,30569711
chr22,43045452,43046452
chr12,4224415,4225415
chr8,19540234,19541234
chr6,18122219,18123219
chr2,23651536,23652536
chr13,21286737,21287737
chr11,66064674,66065674
chr17,39655363,39656363
chr10,102408692,102409692
chr2,25105154,25106154
chr17,47589772,47590772
chr5,110074077,110075077
chr17,8479612,8480612
chr2,101927709,101928709
chr2,97201760,97202760
chr6,14844374,14845374
chr2,12856464,12857464
chr5,118999500,119000500
chr6,32159107,32160107
chr20,62508796,62509796
chr11,2308089,2309089
chr2,176955896,176956896
chr8,143859169,143860287
chr19,12225235,12226235
chr19,15580221,15581221
chr5,178042984,178043984
chr1,33077205,33078205
chr3,121741996,121742996
chr16,4751069,4752069
chr7,95225020,95226020
chr10,64565268,64566268
chr6,106582661,106583661
chr6,32805259,32806259
chr8,42234224,42235298
chr3,137833175,137835155
chr16,20359717,20360717
chr12,2612903,2613966
chr9,94532680,94533680
chr2,32380897,32381897
chr12,46663194,46664194
chr3,57967638,57969195
chr15,89946846,89947846
chr20,50418848,50420006
chr14,100111750,100112750
chr4,154711063,154712063
chr3,177196001,177197001
chr22,20051805,20052805
chr7,42951393,42952393
chr17,38475524,38476524
chr9,138589770,138590770
chr5,77624430,77625430
chr14,70721141,70722141
chr5,127419027,127420027
chr8,141550039,141551039
chr9,136920709,136921709
chr14,90378180,90379180
chr21,43654756,43655756
chr4,139162308,139163308
chr1,35246259,35247259
chr7,1080568,1081568
chr12,15110974,15112375
chr19,2638924,2639924
chr16,55794095,55795095
chr17,80119922,80120922
chr19,35936337,35937540
chr2,111996299,111997299
chr10,119303604,119304604
chr10,99116047,99117047
chr16,85686541,85687541
chr2,28618594,28619594
chr12,124104929,124105929
chr16,31891478,31892478
chr10,132000768,132001768
chr2,43259008,43260008
chr19,11199403,11200403
chr1,6376971,6378233
chr4,187065450,187066450
chr16,87866196,87867333
chr8,101821608,101822608
chr2,185461897,185462897
chr4,40631862,40632862
chr19,4338269,4339269
chr11,117091292,117092622
chr5,172768699,172769699
chr15,40659316,40660316
chr1,20126375,20127375
chr12,91572872,91573872
chr6,33174640,33175640
chr11,48153332,48154332
chr3,176414352,176415352
chr2,209133132,209134132
chr18,72922110,72923110
chr19,30935613,30936818
chr13,34182996,34184273
chr13,110443240,110444240
chr2,136594761,136595781
chr1,22349146,22350146
chr20,58532522,58533522
chr20,32155862,32156943
chr9,130211249,130213050
chr13,29231827,29232827
chr6,170122685,170123685
chr5,369469,370469
chr22,46327804,46328804
chr5,6632611,6633611
chr7,22767938,22768938
chr6,14254453,14255746
chr11,66631394,66632394
chr3,193548017,193549433
chr20,48568416,48569416
chr12,131596551,131597621
chr5,134823388,134824388
chr19,10522863,10523863
chr12,6442107,6443107
chr2,30929497,30930497
chr22,19752022,19753022
chr1,1335206,1336206
chr18,2846334,2847334
chr6,150127634,150128634
chr14,77490523,77491523
chr15,93570453,93571453
chr16,69998925,69999925
chr3,114102285,114103285
chr1,46112500,46113500
chr7,34416482,34417482
chr1,236925343,236926343
chr10,25247355,25248355
chr4,2431614,2432765
chr16,81253510,81254510
chr22,38506271,38507271
chr9,129375347,129376347
chr20,56295943,56297076
chr11,119038208,119039208
chr20,16372528,16373794
chr22,29875284,29876284
chr11,68529387,68530703
chr17,39345458,39346458
chr2,420343,421642
chr17,3288953,3289953
chr20,58569633,58570633
chr6,168476156,168477156
chr19,5033782,5034782
chr8,22570376,22571376
chr8,128377718,128378718
chr11,35072210,35073210
chr10,125188317,125189317
chr3,46394691,46395691
chr1,3563196,3564374
chr8,142983821,142984974
chr13,111685393,111686513
chr19,34662136,34663690
chr16,89922039,89923039
chr6,3024825,3025825
chr6,143928014,143929014
chr16,30197870,30198870
chr1,45451236,45452236
chr13,78326870,78327870
chr17,2527780,2528780
chr5,179723134,179724134
chr10,118186588,118187588
chr7,23637443,23638443
chr16,1782405,1783405
chr5,423871,424871
chr3,127006422,127007422
chr12,29376372,29377372
chr2,27433762,27434762
chr17,79421795,79423031
chr19,13868273,13869273
chr9,91148248,91149248
chr10,134004170,134005390
chr7,100778517,100779517
chr3,4211058,4212058
chr7,134832044,134833044
chr3,48934816,48935816
chr4,26860761,26861761
chr9,72659582,72660582
chr12,133134532,133135532
chr19,39616318,39617318
chr6,150329345,150330345
chr20,59828028,59829028
chr15,40075565,40076565
chr9,135905890,135906890
chr17,33446736,33447736
chr6,132931217,132932217
chr2,231692979,231693979
chr10,72032197,72033197
chr3,128999500,129000500
chr12,54676508,54677508
chr8,57360113,57361113
chr1,28573317,28574317
chr15,64290307,64291307
chr1,54952401,54953401
chr9,139403327,139404327
chr7,158443825,158444825
chr17,80202479,80203479
chr13,42847867,42848867
chr1,166999500,167000500
chr5,109022378,109023378
chr13,100026472,100027982
chr15,44091988,44092988
chr19,13947743,13948743
chr14,101158972,101159972
chr17,78911268,78912268
chr19,8117398,8118398
chr6,142606022,142607178
chr10,101436320,101437320
chr9,139581889,139582889
chr1,10856610,10857610
chr11,3646865,3647865
chr12,7341964,7342964
chr1,26855265,26856265
chr2,172974130,172976180
chr6,41608747,41609747
chr19,14184903,14185903
chr6,28493000,28494000
chr4,185925563,185926563
chr10,134271937,134272937
chr15,99978513,99979513
chr9,134406690,134407690
chr17,1960609,1961609
chr19,55677219,55678219
chr16,28302682,28303682
chr10,111792043,111793043
chr3,128709807,128711137
chr11,2414431,2415851
chr16,14402540,14403540
chr1,145381840,145382840
chr8,129060548,129061548
chr19,4561654,4562941
chr6,43141514,43142514
chr15,99790401,99791401
chr19,5110248,5111248
chr12,6403877,6404877
chr8,141359286,141360286
chr5,180050065,180051065
chr7,100798309,100799309
chr1,173405489,173406489
chr12,103359072,103360072
chr6,26863047,26864276
chr20,49062561,49063656
chr1,153762064,153763064
chr12,67197298,67198352
chr20,56254697,56255831
chr16,16042601,16043601
chr18,31158040,31159040
chr1,110983228,110984228
chr6,7053234,7054234
chr11,114270698,114271698
chr8,126448337,126449337
chr6,93433036,93434036
chr6,24125614,24126614
chr11,73881776,73882776
chr2,42275942,42276942
chr11,61582263,61583263
chr16,69417706,69418706
chr11,128394950,128395950
chr11,30502436,30503436
chr17,2930230,2931335
chr11,119018884,119019884
chr11,134608158,134609287
chr7,151825630,151826630
chr1,35247466,35248466
chr4,2275301,2276301
chr6,30041772,30042772
chr2,3060628,3061628
chr12,101673260,101674260
chr6,33156279,33157279
chr5,128800907,128801907
chr6,29722801,29723801
chr6,32627805,32628805
chr4,148720738,148721738
chr2,239329702,239330702
chr11,125774739,125775814
chr14,21673296,21674296
chr5,167852975,167854159
chr10,61469480,61470480
chr13,61490435,61491435
chr13,31016965,31019422
chr15,41061484,41062484
chr2,85551350,85552350
chr1,10690064,10691064
chr6,86386648,86387648
chr12,6744792,6745792
chr12,133334988,133335988
chr4,94303888,94304888
chr3,32541198,32542198
chr6,30483456,30484456
chr15,100048000,100049000
chr21,47511895,47513020
chr13,109999500,110000500
chr2,110969597,110970597
chr15,31282968,31283968
chr3,65131479,65132479
chr20,57738260,57739443
chr15,85143728,85144728
chr14,77563584,77564584
chr5,132009130,132010130
chr13,29192351,29193351
chr3,101900734,101901734
chr7,97840834,97841834
chr2,11916770,11917930
chr4,81118973,81119973
chr4,111866481,111867481
chr1,155714757,155715757
chr13,95362329,95363329
chr5,1948524,1949623
chr6,30009251,30010251
chr18,46351224,46352494
chr2,37061297,37062297
chr16,1538148,1539171
chr10,90761251,90762251
chr16,88549950,88550950
chr10,99392507,99393507
chr19,3397218,3398218
chr1,222987345,222988617
chr16,70687552,70688552
chr1,237346309,237347309
chr3,170070314,170071488
chr7,974858,975858
chr4,38672630,38673630
chr6,31760129,31761555
chr10,43897533,43898533
chr1,209877470,209878470
chr8,75424762,75425762
chr6,33036047,33037047
chr19,49935774,49936774
chr6,46869828,46870828
chr3,167742200,167743200
chr17,6920900,6921900
chr6,169725976,169726976
chr13,33398432,33399555
chr8,81903901,81904901
chr10,102268046,102269046
chr17,76454530,76455688
chr11,131468720,131470424
chr17,79366353,79367353
chr4,3250222,3251330
chr8,514236,515236
chr3,52564515,52565515
chr18,55713859,55715045
chr6,9485922,9486922
chr3,123353536,123354536
chr5,367894,369343
chr17,77093024,77094024
chr2,225811110,225812239
chr10,114132735,114133735
chr12,53612051,53613654
chr21,47475856,47476903
chr1,26799575,26800575
chr11,57260698,57261698
chr6,168597099,168598099
chr7,93519536,93520536
chr16,27412677,27413677
chr15,79171066,79172066
chr2,26205376,26206376
chr17,79495019,79496019
chr2,161440448,161441448
chr16,1152502,1153502
chr4,147137544,147138544
chr7,108210036,108211036
chr15,73089036,73090036
chr12,132656910,132657910
chr16,21664502,21665502
chr5,176928930,176929930
chr14,19614056,19615056
chr7,86851238,86852238
chr2,20756526,20757526
chr3,11420881,11421881
chr7,137230406,137231406
chr15,42301842,42302842
chr6,29980904,29981904
chr6,28831553,28832553
chr1,151030795,151031795
chr17,34195402,34196402
chr14,105994751,105997013
chr17,63150320,63151320
chr11,101981289,101982289
chr1,161983290,161984290
chr6,1515196,1516196
chr7,145813652,145814806
chr22,17640312,17641312
chr3,67698805,67699805
chr18,67067393,67068393
chr6,13924434,13925434
chr7,909979,910979
chr3,191930426,191931426
chr4,7648040,7649040
chr20,4204987,4205987
chr5,53812664,53813664
chr20,48809039,48810039
chr17,43221758,43222758
chr3,160167477,160168477
chr17,40714722,40715744
chr12,89742386,89743781
chr10,51567170,51568170
chr6,166969752,166970752
chr8,18896131,18897131
chr12,132662955,132664383
chr2,145270807,145271807
chr12,111756034,111757034
chr1,159422544,159423544
chr10,8096318,8097318
chr2,189848964,189850111
chr2,136782603,136783856
chr13,112690069,112691069
chr6,27235824,27236824
chr16,50321318,50322574
chr11,46354303,46355303
chr16,69966563,69967563
chr3,113159990,113161054
chr1,206315896,206316896
chr14,105450749,105451749
chr5,139078029,139079029
chr3,53079940,53080940
chr2,232257863,232258863
chr1,53094393,53095393
chr3,12328666,12329666
chr2,43363735,43364847
chr11,47376712,47377712
chr7,65575464,65576618
chr17,4648833,4649833
chr10,50493067,50494336
chr2,9982552,9983552
chr19,52703751,52704867
chr17,75095702,75096882
chr1,203096183,203097183
chr15,70390535,70391535
chr14,35183830,35184830
chr2,167231720,167232720
chr15,31515250,31516261
chr15,56033106,56034106
chr3,15750515,15751515
chr6,41512666,41513666
chr11,61671707,61672707
chr7,65448730,65449972
chr14,45719462,45720462
chr11,796069,797069
chr6,29716760,29717760
chr10,131988887,131989887
chr1,204121821,204122821
chr17,38707965,38708965
chr14,23399096,23400096
chr4,103940705,103941705
chr10,105110658,105111658
chr7,1595618,1596636
chr8,6418478,6419478
chr21,43652204,43653734
chr17,594235,595235
chr14,97262371,97263371
chr18,33766715,33767715
chr10,21455520,21456520
chr1,179050632,179051632
chr7,142422570,142423570
chr1,156784413,156785413
chr19,2487964,2488964
chr1,37941354,37942354
chr2,19562593,19563593
chr11,63820900,63821900
chr4,22606210,22607551
chr5,176106927,176107927
chr14,103415373,103416373
chr9,90621137,90622137
chr17,42061060,42062060
chr10,101283347,101284347
chr11,63334108,63335108
chr1,206223834,206224834
chr7,2393312,2394312
chr1,156906050,156907050
chr3,66445842,66446842
chr22,38614296,38615296
chr19,18496643,18497643
chr13,26640108,26641304
chr11,5617908,5618908
chr10,70884216,70885216
chr21,44060903,44061903
chr13,111838604,111839604
chr1,110198626,110199626
chr12,68046405,68047405
chr16,89114169,89115169
chr10,22608766,22609766
chr7,22894295,22895328
chr6,2976793,2977793
chr19,39466075,39467075
chr7,123392265,123393265
chr15,81390834,81391834
chr2,131513427,131514427
chr1,230849799,230850799
chr13,20804696,20805696
chr11,70713232,70714232
chr17,17493745,17494745
chr6,30459984,30460984
chr6,32810995,32811995
chr5,133897154,133898154
chr5,103300077,103301077
chr2,92261159,92262159
chr20,42810071,42811103
chr14,61107727,61108727
chr16,30841166,30842166
chr2,26401320,26402320
chr1,161654227,161655227
chr17,78228320,78229320
chr1,2427833,2428833
chr10,77035493,77036493
chr16,89501888,89502888
chr12,6657318,6658318
chr2,238999500,239000500
chr8,93106894,93107894
chr17,80231596,80232596
chr6,33640408,33641408
chr16,87734336,87735883
chr12,129571303,129572303
chr3,194017658,194018658
chr1,205670104,205671104
chr16,22020130,22021130
chr4,148938788,148939788
chr3,181326206,181327625
chr7,138560244,138561391
chr3,159755369,159756369
chr8,65487808,65488808
chr1,234365759,234366759
chr6,36720436,36721436
chr6,30698343,30699343
chr1,18434744,18435744
chr5,16710665,16711665
chr22,28034627,28035731
chr13,102276134,102277134
chr19,10488465,10489465
chr15,58242252,58243356
chr12,14716410,14717410
chr16,11144993,11145993
chr3,17783479,17784479
chr4,86850725,86851911
chr3,197608054,197609054
chr17,17125676,17126676
chr17,6526684,6527684
chr12,54890991,54892241
chr8,38757359,38758359
chr16,2261793,2262793
chr1,115053604,115054604
chr16,89551759,89552759
chr17,55979607,55980607
chr11,89224059,89225059
chr14,23012510,23014327
chr12,5936605,5937605
chr9,134636891,134637891
chr5,132540578,132541578
chr12,117354324,117355324
chr13,111100174,111101269
chr6,340680,341680
chr8,99045311,99046311
chr17,74324146,74325712
chr10,114604300,114605300
chr11,58983946,58984946
chr2,175868915,175869915
chr1,3582833,3583833
chr4,6563023,6564023
chr11,14661002,14662002
chr16,66420175,66421330
chr12,9794769,9796304
chr3,78697651,78698651
chr19,37701589,37702589
chr1,234350334,234351334
chr7,5456725,5457725
chr9,136323875,136324875
chr16,89966193,89967193
chr16,1610842,1612473
chr1,3619718,3620718
chr13,33779705,33780705
chr17,48471143,48472143
chr17,26577063,26578063
chr20,31331321,31332321
chr4,91864000,91865277
chr10,81204945,81205945
chr2,54857935,54858997
chr5,111015039,111016039
chr12,29255990,29257188
chr9,129261704,129262704
chr15,65023647,65024647
chr11,74021848,74022848
chr6,31438537,31439537
chr10,131424782,131425782
chr4,20985196,20986196
chr15,76603613,76604613
chr11,17951983,17952983
chr6,31789554,31790554
chr6,33253090,33254090
chr18,31739596,31740596
chr5,150405852,150406921
chr11,47545568,47546568
chr15,72491922,72492922
chr10,133806358,133807358
chr16,69220226,69221226
chr8,58118211,58119211
chr14,95234625,95235625
chr12,38710200,38711200
chr6,30294966,30295966
chr14,93697553,93698916
chr8,1145306,1146306
chr17,75826213,75827213
chr1,63248697,63249697
chr15,75090458,75091458
chr1,117076616,117077616
chr12,82751688,82752688
chr6,32411170,32412170
chr16,710735,711735
chr6,111026270,111027402
chr22,42764260,42765260
chr12,132675262,132676262
chr1,160650952,160651952
chr12,26512519,26513805
chr10,74035070,74036070
chr5,171555817,171557331
chr11,120005150,120006150
chr8,141643419,141644419
chr8,144120181,144121181
chr17,3598255,3599255
chr4,41979129,41980129
chr16,1225088,1226088
chr6,155253437,155254437
chr1,3027838,3028958
chr3,140784660,140785660
chr12,49998463,49999463
chr1,859508,860508
chr11,43290688,43291688
chr10,73565125,73566125
chr8,8194800,8195800
chr2,145116133,145117133
chr2,152991120,152992120
chr11,2349307,2350307
chr6,29647661,29648661
chr1,12237282,12238418
chr1,25869488,25870488
chr16,85121869,85122869
chr12,56509103,56510103
chr6,146135614,146136614
chr8,126525058,126526058
chr2,48795494,48796494
chr10,131700640,131701986
chr2,8242315,8243315
chr1,2996022,2997022
chr6,30892633,30893633
chr6,30131070,30132070
chr19,10405455,10406455
chr7,101901163,101902336
chr7,101512431,101513431
chr2,128999500,129000500
chr10,121577471,121578471
chr17,3823922,3824922
chr4,7645587,7646587
chr15,74724418,74725418
chr17,28562185,28563185
chr7,91873585,91874585
chr13,50702295,50703414
chr16,75466207,75467207
chr11,117999500,118000500
chr12,6553551,6554551
chr22,43539088,43540088
chr3,105465516,105466516
chr1,155194282,155195282
chr5,150465375,150466375
chr12,120703506,120704506
chr19,39798537,39799537
chr8,128919322,128920493
chr1,1135455,1136455
chr5,112716399,112717399
chr20,56193673,56194743
chr17,33324273,33325273
chr14,22995434,22998431
chr2,230451811,230452811
chr15,45030140,45031140
chr11,68140970,68142698
chr11,32447567,32448567
chr2,3289192,3290240
chr1,150036019,150037019
chr10,49217573,49218859
chr20,43439188,43440188
chr13,114807607,114808607
chr12,68043708,68044708
chr13,110279287,110280287
chr22,38092143,38093143
chr5,147862006,147863006
chr10,69372155,69373155
chr5,492762,493762
chr16,11568195,11569361
chr22,24058432,24059432
chr6,43081796,43082796
chr15,41624274,41625274
chr1,75599624,75600624
chr3,193569756,193570756
chr5,35028416,35029416
chr8,48265417,48266417
chr15,22519435,22520853
chr6,28860923,28861923
chr1,92946200,92948461
chr12,95941071,95942071
chr2,73461028,73462028
chr20,54918537,54919537
chr19,15121031,15122031
chr2,503172,504172
chr8,144517142,144518142
chr12,57779704,57780704
chr5,35048928,35049928
chr4,1241776,1242776
chr20,62865501,62866737
chr11,49071848,49072848
chr17,2241070,2242070
chr17,41437377,41438377
chr7,40802787,40803787
chr5,177370477,177371477
chr12,90050467,90051467
chr1,145507004,145508004
chr14,105511482,105512482
chr1,173834331,173836720
chr1,156616574,156617574
chr8,73600075,73601075
chr11,66179283,66180283
chr6,99931978,99933472
chr15,57179393,57180393
chr7,28220094,28221094
chr16,4802100,4803490
chr6,131460633,131461633
chr1,155101888,155102888
chr3,55555697,55556697
chr8,41508118,41509118
chr10,134751683,134752683
chr21,47724349,47725797
chr17,36885465,36886465
chr6,134274678,134275678
chr21,40174291,40175291
chr16,28874480,28875480
chr2,28614067,28615067
chr1,95552472,95553472
chr17,79642789,79643859
chr2,29446985,29448086
chr1,183113263,183114263
chr11,35051888,35052888
chr9,139415602,139416602
chr20,19947955,19949290
chr11,45101739,45102739
chr5,378354,379354
chr3,195431366,195432366
chr3,150421365,150422365
chr10,13569954,13570954
chr17,27087727,27088727
chr12,32740071,32742085
chr4,38858036,38859061
chr10,98062187,98063187
chr18,21058820,21060255
chr9,136009151,136010151
chr16,8814007,8815007
chr17,47209666,47210666
chr11,133836765,133837765
chr16,31127914,31128914
chr15,26106910,26107910
chr13,44714936,44715936
chr11,74699422,74700422
chr12,50297445,50298445
chr6,33090857,33092134
chr3,120025758,120026758
chr6,30094636,30095995
chr17,45371278,45372278
chr14,76127343,76128343
chr8,125713445,125714445
chr12,128822365,128823365
chr2,1801545,1802545
chr11,67272996,67273996
chr6,30632958,30633958
chr19,18234329,18235329
chr1,171810977,171811977
chr17,62398193,62399193
chr2,113675913,113676913
chr20,61002366,61003366
chr17,39215394,39216394
chr7,139025614,139026614
chr9,138156975,138157975
chr12,54447765,54448765
chr2,167206824,167207824
chr6,32451888,32452888
chr22,45704488,45705488
chr5,3961977,3962977
chr14,106382226,106383226
chr22,49719692,49720692
chr15,29277398,29278398
chr20,42573841,42575124
chr20,16030174,16031174
chr21,34574682,34575775
chr8,20129523,20130523
chr6,816269,817458
chr6,31670773,31671773
chr5,63460732,63461732
chr10,123809532,123810532
chr16,89574113,89575113
chr13,41054991,41055991
chr1,10719119,10720119
chr1,228747501,228749378
chr3,48965111,48966111
chr6,24874114,24875114
chr16,70770104,70771104
chr6,163148667,163149667
chr9,99212160,99213160
chr20,42622825,42624070
chr20,44641614,44642870
chr6,33084485,33085485
chr19,16045288,16046288
chr5,107717472,107718472
chr11,1253563,1254563
chr5,72673934,72674934
chr14,105330624,105331624
chr11,65631380,65632380
chr22,39746959,39747959
chr7,98990638,98991638
chr2,28636291,28637291
chr20,56327969,56329132
chr11,48284700,48285700
chr2,128927472,128928472
chr2,158113904,158114904
chr5,162886385,162887385
chr17,80821326,80822326
chr10,97200485,97201487
chr11,60623282,60624282
chr13,113538954,113539954
chr6,31370425,31372053
chr2,50658703,50659703
chr6,44196698,44197698
chr5,143093139,143094139
chr5,1645302,1646302
chr4,111530400,111531400
chr9,92276507,92277507
chr5,16508623,16509623
chr18,33646844,33647844
chr7,98738066,98739151
chr20,57285447,57286447
chr8,95961852,95962852
chr3,149191124,149192124
chr6,170862879,170863879
chr19,19516402,19517402
chr7,154684426,154685426
chr18,77341868,77342868
chr11,319167,320167
chr11,313124,314124
chr16,69564125,69565125
chr14,74724410,74725410
chr3,11643130,11644130
chr9,130740099,130741099
chr18,13649097,13650097
chr8,23830407,23831407
chr17,15685938,15686938
chr6,14922126,14923302
chr12,123258153,123259153
chr3,157811518,157812518
chr1,81771546,81772546
chr20,30794111,30795111
chr17,80796180,80797324
chr20,23550132,23551132
chr8,27475703,27476703
chr13,113918039,113919039
chr2,160067965,160068965
chr2,224895610,224896780
chr15,57615623,57616623
chr6,30639770,30640770
chr2,240039719,240040719
chr17,19436400,19437400
chr14,57262869,57263869
chr10,131667322,131668400
chr8,142242643,142243643
chr19,47288910,47290111
chr1,206300411,206301411
chr1,23668191,23669191
chr14,101487003,101488003
chr12,81467732,81468732
chr6,158478372,158479372
chr17,62492699,62494332
chr7,98903801,98904801
chr4,6276773,6277773
chr17,3906174,3907174
chr2,19560827,19561827
chr10,7848611,7849611
chr1,1470336,1471336
chr6,32367818,32368818
chr14,106373884,106375054
chr3,72981878,72982878
chr11,65836243,65837243
chr1,247094983,247095983
chr16,11140500,11141500
chr17,80859919,80860919
chr7,142636340,142637340
chr2,219584657,219585657
chr6,169605070,169606070
chr3,66002491,66003491
chr7,93550128,93551257
chr3,52007987,52008987
chr2,60779927,60780927
chr2,947089,948089
chr6,28862928,28863928
chr1,209303935,209304935
chr8,143815406,143816406
chr1,90289111,90290111
chr6,29794861,29796095
chr17,79962539,79963539
chr16,68271198,68272198
chr2,174889290,174890626
chr2,38403763,38404763
chr6,31464702,31465702
chr8,144947079,144948079
chr3,188662179,188663179
chr10,2543839,2544839
chr7,157280751,157281751
chr17,53799872,53800872
chr3,186647450,186648450
chr15,89919848,89920848
chr4,5970025,5971025
chr5,266434,267434
chr19,12776225,12777225
chr3,176914562,176915562
chr5,43007132,43008132
chr6,30070768,30072101
chr7,922325,923325
chr1,9712488,9713488
chr1,9714345,9715345
chr14,106015125,106016125
chr19,41061524,41062524
chr15,63104704,63105704
chr3,128758287,128759287
chr5,140863974,140865233
chr2,127824213,127825326
chr1,32787892,32789132
chr11,36130822,36131822
chr12,104500400,104501400
chr11,47528455,47529455
chr17,3763751,3764751
chr1,153853824,153854824
chr1,172673659,172674659
chr3,99904010,99905151
chr10,49673034,49674034
chr6,152958124,152959364
chr8,15541510,15542510
chr1,192603913,192604913
chr3,12965688,12966688
chr10,133946792,133947792
chr15,90356702,90357702
chr15,76005643,76006643
chr11,45353816,45354816
chr14,106145977,106146977
chr16,68741248,68742248
chr5,141030107,141031107
chr10,115312053,115313053
chr2,106437620,106438620
chr1,1365411,1366411
chr11,44702163,44703163
chr13,67800625,67802051
chr2,99811774,99812774
chr7,159524,160524
chr9,138967492,138968598
chr16,20774373,20775373
chr7,156296406,156297406
chr10,33314490,33315490
chr1,147800525,147801525
chr18,812965,814147
chr14,58862465,58863465
chr19,995720,996720
chr8,27181622,27182622
chr8,145561613,145562613
chr19,18760888,18762065
chr3,47890976,47891976
chr1,159046473,159047473
chr1,17305298,17306298
chr6,170731753,170732753
chr11,125184177,125185177
chr16,72458649,72460242
chr19,44008567,44009567
chr21,26956299,26958093
chr1,97025571,97026571
chr5,403820,404820
chr13,96084929,96086470
chr19,18197044,18198044
chr2,132182600,132183600
chr6,32630356,32631356
chr10,91002090,91003090
chr9,123688215,123689215
chr19,41847634,41848634
chr4,872712,874050
chr17,38171197,38172197
chr2,16846069,16847069
chr10,74485268,74486268
chr2,118942341,118943393
chr6,29817463,29818463
chr8,142250875,142251875
chr12,1482431,1483431
chr2,151537493,151538493
chr2,232326168,232327168
chr5,1765090,1766090
chr6,31786272,31787272
chr15,47697683,47698683
chr6,26018034,26019034
chr10,82172008,82173008
chr20,57263392,57264556
chr6,30177843,30179014
chr3,100321993,100322993
chr1,201489158,201490158
chr1,63770928,63771928
chr7,78599765,78600765
chr4,4792592,4793592
chr8,30670232,30671232
chr20,23968553,23969766
chr17,74010563,74011563
chr20,60477714,60478714
chr2,103352211,103353211
chr7,6974462,6975658
chr11,10620992,10621992
chr12,294821,295914
chr2,242853446,242854446
chr1,84543051,84544051
chr11,46259734,46260734
chr20,61342722,61343722
chr17,48911765,48913452
chr16,84494927,84495927
chr11,87423441,87424441
chr17,38136893,38137893
chr16,85675906,85677178
chr12,57584471,57585471
chr12,131519406,131520498
chr16,79691854,79692854
chr19,42879657,42880657
chr11,93474132,93475132
chr8,47326450,47327450
chr9,108004849,108005849
chr10,126745362,126746362
chr3,101797642,101798642
chr6,30795812,30796812
chr7,2124066,2125066
chr22,42540994,42541994
chr1,22109296,22110296
chr16,85981280,85982280
chr1,154298339,154299339
chr8,120423918,120424918
chr6,166401098,166402098
chr5,140419319,140420319
chr4,56813360,56814360
chr4,11702876,11703876
chr1,43803817,43804817
chr2,233410352,233411352
chr1,25238607,25239607
chr6,31430141,31431141
chr6,33239784,33240784
chr3,140953189,140954189
chr5,564986,565986
chr6,90538955,90539955
chr20,61314744,61315932
chr20,62177998,62178998
chr11,19744984,19745984
chr6,168840141,168841141
chr1,11779501,11780501
chr3,133649319,133650319
chr7,218266,219348
chr2,232055081,232056081
chr5,132112641,132114276
chr1,171216172,171217172
chr19,3851527,3852527
chr1,68788461,68789461
chr6,31681382,31682382
chr1,84629660,84630862
chr12,132669844,132671735
chr2,206421072,206422163
chr19,48828335,48829335
chr8,24880341,24881341
chr20,62681809,62682809
chr5,318933,319933
chr11,120197021,120198021
chr2,97303833,97304833
chr8,95452842,95454032
chr14,73920698,73921698
chr4,6271729,6272729
chr2,45227145,45228145
chr2,232545366,232546366
chr4,77355675,77356675
chr14,105973494,105974494
chr1,230837794,230838794
chr6,29407510,29408732
chr1,93645460,93646460
chr13,112626453,112627453
chr3,185959940,185960940
chr10,120999500,121000500
chr10,1580038,1581038
chr2,173419399,173420399
chr15,90611208,90612336
chr17,80969116,80970699
chr5,132387957,132388957
chr19,55962623,55963623
chr15,45027770,45028770
chr5,176729660,176730660
chr8,22725404,22726404
chr12,12418045,12419045
chr17,26732858,26733858
chr5,172695704,172696881
chr7,104566700,104568043
chr7,43341706,43342706
chr17,55662725,55663725
chr6,44309757,44310757
chr2,219857747,219858747
chr11,118753162,118754162
chr1,101509057,101510057
chr1,85680232,85681353
chr17,73514298,73515298
chr10,23727484,23728484
chr16,51528943,51529943
chr10,13628349,13629349
chr11,113707703,113709721
chr3,149096384,149097384
chr12,58119492,58120511
chr1,1310215,1311215
chr6,170098738,170099738
chr5,135700594,135701594
chr14,35628811,35629811
chr12,48723619,48724619
chr6,33128560,33129560
chr1,162190809,162191809
chr2,30707602,30708763
chr5,122620450,122621450
chr16,68481043,68482043
chr17,47652304,47653304
chr15,90792556,90793556
chr16,86111497,86112534
chr2,181388038,181389038
chr1,42385162,42386162
chr6,31547607,31549096
chr8,39791586,39792586
chr18,21719068,21720068
chr5,77806038,77807038
chr12,48421164,48422320
chr6,33421319,33422319
chr9,19656748,19657748
chr2,152684588,152685588
chr3,127255052,127256052
chr1,3125533,3126533
chr4,57947235,57948235
chr22,50064430,50065430
chr16,85045100,85046100
chr6,169283844,169284844
chr3,21792357,21793438
chr11,75030554,75031554
chr5,64399255,64400255
chr5,1503214,1504280
chr16,72992080,72993080
chr17,30821327,30822327
chr19,17788449,17789449
chr3,194659368,194660368
chr1,17185896,17186950
chr4,128918335,128919335
chr9,90114255,90115255
chr16,29184410,29185742
chr7,5567362,5568391
chr20,57757526,57758756
chr1,54121560,54122560
chr11,50219889,50220889
chr12,13248225,13249225
chr14,63567984,63568984
chr19,2278273,2279273
chr9,123691172,123692172
chr20,49178513,49179862
chr12,102224865,102225865
chr16,89592716,89593894
chr12,52488670,52489670
chr2,106015239,106016271
chr11,102820611,102821611
chr11,2883618,2884618
chr10,134837306,134838306
chr18,56526095,56527095
chr1,66310718,66311718
chr9,115707648,115708648
chr12,124985084,124986084
chr6,155537472,155538472
chr14,95982756,95983756
chr16,89555589,89556589
chr14,33406834,33407834
chr2,85666588,85668042
chr11,33397866,33398866
chr1,79088269,79089269
chr12,3322388,3323388
chr4,76924655,76925655
chr5,133481049,133482049
chr14,51289636,51290636
chr6,32821778,32822778
chr11,57232242,57233242
chr14,94393154,94394154
chr19,53193624,53194624
chr12,124938980,124939980
chr5,139490395,139491395
chr4,3416349,3417349
chr6,30652271,30653271
chr16,10912199,10913199
chr15,40360985,40361985
chr22,31002510,31003510
chr16,29675571,29676571
chr1,28241077,28242077
chr7,70311032,70312032
chr19,47138996,47139996
chr5,54274698,54275698
chr19,1826207,1827424
chr20,58662443,58663443
chr10,133823399,133824399
chr10,33604157,33605157
chr10,91460650,91461650
chr2,232573381,232574381
chr8,142221814,142222814
chr12,121455206,121456206
chr15,97490260,97491260
chr13,79967716,79968824
chr10,74019928,74020928
chr1,27440039,27441221
chr20,31176775,31177775
chr22,19931290,19932290
chr1,25349181,25350181
chr16,31214380,31215380
chr7,30736561,30738056
chr1,45190019,45191019
chr15,83953383,83954892
chr14,36002681,36003681
chr16,2203881,2204881
chr10,10684363,10685363
chr11,74436516,74437516
chr18,21451107,21452107
chr1,3392524,3393524
chr1,230256567,230257567
chr15,75914692,75915692
chr8,12381011,12382238
chr4,170948108,170949108
chr6,107435165,107436165
chr3,78317777,78318777
chr2,119067997,119068997
chr11,104768587,104769587
chr20,23338757,23339757
chr4,3567458,3568458
chr1,59522493,59523493
chr1,111721781,111722781
chr1,31895892,31896962
chr19,48837098,48838098
chr22,31685597,31686597
chr7,50342798,50343798
chr3,156009180,156010180
chr13,111209621,111210621
chr1,222990421,222991421
chr2,121101648,121102648
chr12,104066035,104067158
chr7,26190958,26191958
chr17,17729594,17730594
chr11,82444670,82445670
chr2,233350653,233351653
chr17,76354121,76355702
chr6,30167336,30168336
chr19,58090629,58091629
chr11,125763222,125764222
chr17,77133277,77134277
chr11,133097924,133098924
chr6,31733408,31734408
chr20,46694714,46695904
chr7,99214008,99215008
chr10,13525693,13526693
chr1,150622703,150623703
chr6,139094405,139095405
chr17,59582753,59583753
chr2,135428296,135429296
chr5,107007065,107008065
chr19,40723357,40724357
chr17,72321449,72322449
